subfolder,param1,param2,param3,left_eye_center_x,left_eye_center_y,right_eye_center_x,right_eye_center_y,left_eye_inner_corner_x,left_eye_inner_corner_y,left_eye_outer_corner_x,left_eye_outer_corner_y,right_eye_inner_corner_x,right_eye_inner_corner_y,right_eye_outer_corner_x,right_eye_outer_corner_y,left_eyebrow_inner_end_x,left_eyebrow_inner_end_y,left_eyebrow_outer_end_x,left_eyebrow_outer_end_y,right_eyebrow_inner_end_x,right_eyebrow_inner_end_y,right_eyebrow_outer_end_x,right_eyebrow_outer_end_y,nose_tip_x,nose_tip_y,mouth_left_corner_x,mouth_left_corner_y,mouth_right_corner_x,mouth_right_corner_y,mouth_center_top_lip_x,mouth_center_top_lip_y,mouth_center_bottom_lip_x,mouth_center_bottom_lip_y
Alice,0.99227,36,36,63.75299406,32.32751799,28.56499815,34.15331841,56.78273749,33.61491108,70.94750118,32.81722641,35.56321478,34.5312624,21.00441456,35.30802298,52.98834157,24.73642159,75.59856892,23.8063488,38.10727787,25.27897167,15.25260258,27.37619877,47.02234188,54.42168188,62.47701931,72.37675095,33.16459465,73.7656374,47.9317735,71.2688098,48.0428977,77.15051651
Alice,0.99507,76,16,65.61260176,33.19154263,29.3119998,34.42466497,59.24305201,34.33238268,72.13813305,33.8958106,35.97044134,34.87698984,22.58926392,35.57879162,56.76996517,24.30217695,77.12195206,25.14338636,38.0136137,24.64095068,17.33750153,27.0710206,48.99856183,51.98650897,65.17042208,71.00312519,33.89958715,72.09312058,49.76226068,69.20855141,49.78914088,76.21419239
Alice,0.99593,36,36,64.8599081,36.39861345,31.26804686,37.05527473,58.63831115,37.27245927,71.0493207,37.00706148,37.30874491,37.61720395,24.71112871,37.98976994,56.61344004,28.22196579,76.6193161,29.42361689,38.79913187,28.75450087,18.61898804,31.11655855,47.05900329,56.70756841,62.05812979,71.55787039,35.23926258,72.00657177,48.46897155,69.76997566,48.60403951,77.866745
Alice,0.99602,79,53,63.98206186,35.85005808,32.26978683,36.61258078,58.31462145,36.50061035,69.85296106,36.65249634,37.82305169,36.87938762,26.2823596,37.64609671,54.9096086,27.25620031,76.11773014,28.64507961,41.26587009,27.75164652,20.32296753,30.05759668,47.58447075,51.31213725,60.67058086,73.33720779,35.40760231,73.59270859,47.45467396,67.79588985,47.63252722,78.56313229
Alice,0.99718,89,34,65.16545963,33.39796543,31.58499527,34.60684061,58.26423025,34.81590843,71.38877678,33.86127806,37.89430404,35.35751438,24.53582382,35.47176361,55.27488542,26.7362051,75.48450565,25.8343277,39.01154923,27.60302782,19.15361309,28.36286116,48.02383579,54.64974117,63.33567667,72.56378174,37.461658,73.48138618,50.08105159,72.18550873,50.24296564,76.1799345
Alice,0.99792,46,37,65.81744814,35.20560265,31.2987814,35.15240192,59.16624784,36.01611185,72.2861824,36.38809705,37.65629625,35.81670856,24.48231125,36.25754642,56.23799372,26.43021011,77.64644909,28.4139061,39.44932866,26.5377388,19.56987762,28.80810356,47.0592953,50.93268013,61.92026138,72.51361084,34.13168192,72.20541859,47.44390042,68.06564426,47.50857791,76.96517944
Alice,0.99808,76,76,65.15534592,34.76341152,30.14406967,37.44223881,58.80268908,35.9766469,71.85122681,35.20508194,36.6477592,37.55832767,23.43016434,39.00483513,55.82696843,25.66299391,76.73813152,26.76152945,37.34565282,27.17777538,16.60905647,32.11860752,49.20124519,52.65916657,66.181077,70.19806767,35.51379061,72.44605923,50.50211835,66.7428875,51.27256215,77.48002625
Alice,0.99838,46,46,63.75251627,37.96164107,30.34203529,36.41201806,57.55071688,38.42411757,70.22594404,39.03687572,36.46321464,37.38222814,23.52402306,36.95188308,55.13722873,28.72650862,75.35628319,30.73492813,40.02591205,27.61645889,18.83724976,28.56200981,47.14829117,54.86972809,59.29310989,74.27543449,30.90322495,73.0439043,45.4289782,71.16624641,44.98853302,78.25068283
Alice,0.99887,37,7,66.52231979,38.5897851,34.46515846,37.45387101,60.83382368,39.19819021,72.53776073,39.37215042,40.30739737,38.5208602,27.7146306,38.09200644,59.51904774,30.86944771,77.63155746,31.88689899,42.7792443,30.42866707,22.76481056,30.63616848,51.47280586,56.99294615,64.84007692,71.18022251,35.99323225,70.43614626,50.69590062,69.66292763,50.43201506,77.00576305
Alice,0.99896,105,92,64.66633701,35.16962814,30.86258411,34.84261179,58.61019301,36.14885831,70.8749342,35.47354317,37.29710984,35.86121607,23.73649979,35.2053051,57.86767888,28.38898373,76.56407833,26.61015129,41.39753723,27.42538118,16.75444222,26.83186483,51.107072,58.38238263,61.43188906,71.91890574,32.72642183,72.17032242,48.73119888,72.32019138,48.41936718,77.25756741
Alice,0.99903,37,25,64.47332382,34.6151762,28.75203037,36.72842503,57.54825354,35.97642231,71.28990269,35.05376101,35.51135874,37.05039024,21.43311024,37.98273253,53.95040524,25.80451298,76.22187996,25.88011265,37.11345506,26.63706064,14.82254791,29.60114622,48.84935761,54.22441578,64.77483273,75.43800831,34.09834528,77.31704235,49.46499842,73.74244595,49.72023958,80.45300102
Alice,0.9992,45,34,65.72334909,34.26851177,30.15076017,35.85027981,59.72473812,35.34771538,71.82079697,34.68105984,36.5913105,36.22224712,23.44899273,37.04809141,57.62690234,26.81335831,77.50946903,26.29938555,39.43686461,27.2960372,16.82616806,29.16453123,51.46751046,53.07298994,64.4417882,71.52968788,35.42824173,73.23989582,50.77742386,69.51859903,50.97710198,77.99977112
Alice,0.99932,136,61,66.42559862,34.35677576,27.60162735,35.45449877,59.1469152,35.16908884,73.61159706,35.28171158,34.77582979,35.67587328,20.11778355,36.71293116,54.8669529,25.87847042,78.60830212,25.23485041,37.43879056,26.23484802,14.19470501,27.16521835,46.66831416,49.07634044,64.03346586,74.02991295,31.03258467,74.7985239,47.28407304,68.30156565,47.49035946,80.50832748
Alice,0.99941,57,36,66.99215698,36.57105589,31.59182453,37.29175615,60.56711197,37.67423487,73.77764797,37.27278113,38.67618084,38.02221251,24.520473,38.25597167,57.66534591,28.38332605,79.41827202,29.16410494,41.20732355,28.3388114,17.48792839,30.77153206,52.42885423,57.32783103,67.70462608,77.30664825,34.09984875,78.13980961,51.52214527,74.80944157,51.53413224,84.35725594
Alice,0.99946,53,14,63.02887201,36.17219853,29.95365,37.45846152,56.62929153,37.236449,69.58435965,36.50032496,36.27349448,37.91097379,23.33782482,38.34812379,52.48451972,30.4085784,75.49125767,30.65548038,38.88437319,31.01741982,16.82956123,32.4003396,47.43493143,56.12756181,63.11946774,72.53196144,34.4898634,73.91710281,48.55500609,71.87606478,48.74896199,76.97899246
Alice,0.99953,37,25,65.31458616,34.60119438,29.17137337,35.43395662,58.77394223,35.52045822,71.65948534,35.49668884,35.30829763,35.86259508,22.34737587,36.5704186,54.92410541,25.41007233,77.32609177,26.48937035,37.81911421,25.64703655,16.29797459,28.0945344,46.46734768,53.61356449,61.42692661,75.57968044,34.08629465,75.9530983,47.16865075,71.00137138,47.39392282,81.82298183
Alice,0.99955,22,15,64.34442186,39.2072289,31.89009476,39.65507841,58.25032783,40.28194642,71.07428885,39.89969659,38.15936208,40.62090111,25.06868792,40.52934051,56.37506604,31.69602728,77.17917824,31.50677633,39.89215851,32.22250986,19.06769085,32.18031836,48.21000881,56.75308514,63.52813196,72.55292702,34.07389927,73.20387268,48.47934897,71.08202648,48.64742884,77.89609623
Alice,0.99957,155,89,62.31363773,35.15786505,27.92842913,34.94113827,55.11719227,36.15324783,69.48590469,35.76184988,34.45675707,35.81770563,20.72518444,35.3566432,50.8798027,29.0962615,74.82038784,28.21231985,36.94788265,29.03323174,15.56633663,27.36669874,43.10057259,55.4593935,60.54527664,72.12723827,29.96552753,72.03571701,44.61154318,71.78823566,44.54814005,76.29746532
Alice,0.99958,67,23,63.37473679,35.60501003,30.24759579,38.49394798,57.06720042,37.11752772,69.86523628,35.59778309,36.50269461,38.83528519,23.6657238,39.75667048,52.57683277,30.09209204,74.69543552,27.53170109,37.93830442,31.45522928,17.20719624,33.19086027,48.2175582,54.9051075,64.49748945,71.24466419,36.07922745,73.6735096,49.88048619,69.57576084,50.43916458,78.18097687
Alice,0.99959,49,37,64.4772563,35.80954885,30.81444311,36.65621138,58.12839103,36.94393373,71.3334918,36.45204163,37.33196211,37.35809755,24.02813244,37.67975807,55.30708909,27.97800636,77.06366158,28.60358906,39.28211689,28.5330162,17.42904568,30.30173635,47.80496804,55.92062902,62.86378098,71.49416256,34.64847708,72.26912498,48.68648283,69.21335649,48.96068761,76.87751484
Alice,0.99961,76,16,65.63868999,35.15644741,29.00535107,36.16673255,58.08288574,36.81719542,73.40614128,35.58081007,36.32699847,37.16398644,21.41430473,37.07305527,55.08245015,27.63389683,79.19184494,27.2057476,37.19426107,28.38334751,15.33342361,28.86228704,46.605286,58.3244698,66.48726225,73.26745892,31.19857264,73.81931305,47.9502543,72.9866066,48.05439709,79.71606159
Alice,0.99964,56,12,65.90793943,36.44539189,31.48749304,34.7145524,60.04275942,36.88161635,72.18467617,37.77254033,37.94107318,35.72989225,25.0173254,35.5066824,58.95479894,27.05920029,78.88323498,31.13867426,41.39672256,26.08205652,19.35595894,28.18036079,49.73606551,52.82471108,61.60209417,72.89259911,32.92185116,71.78178549,47.83274525,68.11403275,47.46569194,78.11635208
Alice,0.99971,41,37,63.35808277,34.96006966,27.91597939,37.06168342,56.15899658,36.19413471,70.30552483,35.25726271,34.52398539,37.33771062,20.37397671,38.16313148,51.54360366,27.81502819,74.94688225,26.11126041,37.42558479,28.8584404,14.41665459,30.08513689,45.89864159,54.43424535,62.30204058,73.31420517,30.68302059,75.054039,46.29379463,71.90522861,46.46902138,79.5783205
Alice,0.99973,82,55,63.89489222,33.96548653,27.57409143,35.14160156,57.34260321,35.30092764,71.93402767,34.48741865,35.29862022,36.00150776,19.9238863,36.07965803,54.81640363,26.58810568,77.96237469,25.56843853,38.27797365,26.87841368,12.5958252,28.08730745,48.93765914,57.15819812,63.8006444,71.44475842,31.2276535,72.61013603,48.29739241,70.64168215,48.42077999,79.0156374
Alice,0.99978,49,49,66.29357672,34.68545723,31.12744617,34.57264137,60.58558846,35.3329525,72.08220577,35.755198,37.48417926,35.12434101,24.52997017,35.66737318,57.60376024,26.02463293,77.58497143,27.40224266,41.50700283,24.93189812,17.96095276,28.34548044,53.03329754,51.90925741,63.69064379,73.14080143,35.53169346,73.42651749,50.67925894,68.42863226,50.59444195,80.22201633
Alice,0.99979,65,1,63.74063015,37.22791386,29.28203201,38.4009676,57.57560492,38.1652422,70.30960035,37.8404839,35.72887373,38.81074977,22.79649067,39.54519224,54.17995262,30.19587708,75.11019516,29.46701574,38.83582592,30.70893002,17.06366444,32.40477705,47.4847683,53.92184973,61.84294653,74.23536015,34.95101166,75.11581707,48.16676771,69.62822342,48.57196417,80.18191051
Alice,0.99983,76,61,65.79496622,36.93586063,32.41781616,37.13349867,59.76573586,37.76038885,72.05857944,37.48206496,38.50910854,37.84427691,25.75834894,37.88582754,57.40669942,30.24998903,77.95965958,29.84357214,41.3506608,30.21597719,19.60512257,30.7231679,50.14947242,58.24817848,63.90920019,72.38972855,34.78292799,72.70224953,49.60325074,70.54218864,49.56204343,80.06926346
Alice,0.99985,55,28,63.30371332,37.34181404,31.76345587,38.10945153,56.94635296,38.41429853,70.1183567,37.95450926,37.88115263,38.79781294,24.96449947,39.1350596,53.92966819,30.46289921,75.59129047,30.33961916,39.3486743,31.23155308,19.26323891,32.34049416,46.17156225,56.496912,63.26091528,70.43060017,34.31512785,71.0776763,48.14713374,70.10754919,48.27323449,76.03233147
Alice,0.99987,46,16,64.26053524,38.50530338,29.85742521,36.19976592,58.41180182,38.68281126,70.54567909,39.85635495,35.65331268,37.130476,24.01148129,36.69537306,56.63946247,26.96513987,77.09596539,31.1501255,37.94565511,25.75941467,18.39269543,27.61600256,44.29160786,54.1472497,60.63768625,72.41514874,29.32814312,70.28404999,44.34510863,66.22814512,44.06109273,78.16700649
Alice,0.99987,55,43,65.35698795,34.61995697,30.09326363,34.96367741,58.49303627,35.66513443,72.70028687,35.31969023,37.23726439,35.69613504,22.72340012,35.88483381,56.56682682,25.88281631,77.87785435,25.62734556,39.59131193,25.58988333,16.76118565,26.90548611,48.19693228,55.76480699,62.60599709,72.39557076,32.88363218,72.525527,48.12341121,71.03309727,47.93837418,77.00421238
Alice,0.99991,22,43,63.48646688,37.19440484,29.89576292,38.46851993,56.91275454,37.95845675,70.00526333,37.93138576,36.19211984,38.60901761,23.5402422,39.63645816,52.78002298,29.72221327,75.75989628,30.47943449,38.39790988,30.44060898,17.44535065,32.83276463,45.96438807,53.37153125,61.64669609,74.74608135,34.26963758,75.67644024,47.16698644,70.32679367,47.55782582,80.12901306
Alice,0.99991,78,56,65.65533257,35.03779507,27.71020031,36.82528281,58.12242436,36.24559951,73.35448551,35.51449013,35.25495815,37.20311308,19.27796745,38.15227175,53.16708827,27.62370873,78.75226021,26.21669912,38.63739538,27.80107069,12.06195545,29.83242416,49.30088827,57.05574703,65.70121908,76.43588161,30.16083097,78.32167625,48.58862834,73.87509155,48.83496165,86.48969078
Alice,0.99993,73,145,65.47546864,36.33873081,31.04478979,36.18522477,59.16842294,37.3681047,72.47287846,36.89268136,38.12183762,37.230124,23.71873856,36.71659541,57.37814355,28.91737175,77.78085709,28.20308161,42.20860434,28.39662409,17.721488,29.28789568,52.37763047,58.39443398,64.34381247,74.418643,31.65822458,74.37257481,49.4442814,73.86371899,49.29695776,80.67263603
Alice,0.99997,133,23,66.39591694,34.48523998,30.17661667,35.92745876,59.75739741,35.65693188,73.17429829,35.18228245,36.85632992,36.28759146,23.25417423,37.21981001,56.27582717,26.3342886,78.45935726,26.49695778,39.11070299,26.76236343,16.61824036,29.03167391,49.31100386,53.80288267,65.56997395,73.11307812,35.16268158,74.53300095,50.27815926,70.81226063,50.52588201,79.75892258
Cristian,0.98747,61,36,66.93623829,36.15135384,29.07380104,35.10766411,60.57926559,36.62479448,73.36732292,37.2638762,35.4190321,35.78565502,22.90464878,35.76309872,58.27628946,27.75787497,78.1904068,27.39649916,37.21229053,27.53242779,19.56497097,25.70585489,46.21660262,50.31505179,61.51864243,76.28985214,32.98720837,75.25946331,46.47300017,70.39544106,46.49641639,81.05117512
Cristian,0.98797,136,109,66.14207554,35.26408196,32.01660776,35.58739185,60.33841896,36.13691568,71.98872471,35.95901871,38.27193618,36.21329641,25.75070572,36.47013688,57.73476934,27.07303905,78.08067513,27.33470821,42.14033103,26.82788801,19.02700996,28.30346775,51.55361438,54.93628979,62.43355894,76.49389458,36.10483217,76.72666168,50.03707373,72.47294426,49.834975,82.1257267
Cristian,0.9893,161,41,64.87443781,31.76064205,28.10300016,35.31311703,57.30079007,33.41714573,72.02084255,31.95055962,35.40502882,35.34874964,19.98004532,36.86003494,54.60172534,21.52407074,76.00997257,21.15894127,36.30394077,23.29970455,14.04931355,28.29241419,47.89996896,53.3365109,65.23270798,71.96703243,33.59684658,74.6290226,49.17878321,71.70361662,49.51866102,77.65514946
Cristian,0.99315,91,10,64.5428896,35.27167511,32.11822128,38.18717837,58.75850987,36.37995815,70.35018969,35.34872818,38.04190636,38.13064742,25.96939087,39.59324527,56.89680219,28.15946674,74.80194569,27.11608887,39.10233092,29.88729429,20.00818634,32.87766838,50.94103342,53.9400984,65.32197762,70.16476679,38.98608112,72.53403282,52.0423733,68.5561409,52.57759881,76.34328175
Cristian,0.99322,78,23,64.04965925,35.52252102,30.46182346,37.9947896,57.24151897,36.82200336,69.85700083,35.82929134,36.35748482,38.20827699,23.85433102,39.35866714,53.33782411,29.44909,74.64944458,27.5110817,37.42358923,31.04449368,17.73432827,32.37488079,46.50189015,53.87571895,63.03653955,74.3377018,36.8865788,76.08532333,48.84840935,72.6780653,49.35804158,78.32546997
Cristian,0.99453,66,40,67.84993887,36.23839617,32.77121258,35.02311373,62.57865715,36.30010343,72.83672333,37.29757547,38.14934206,35.55722094,27.49665928,35.67398643,59.41206551,26.29903507,79.39396477,29.12555265,42.57838583,26.20878124,22.12243652,26.68556643,49.6737383,48.89053988,60.94959784,76.59084034,37.51406479,75.3965292,49.09906626,68.76988506,48.6590829,83.04716206
Cristian,0.99541,82,1,65.47072935,37.52929044,33.21703434,38.7197814,58.88128066,38.71369028,71.26888561,37.75615954,38.10037136,39.35006046,26.62209463,39.49853325,55.02280998,32.13658905,75.64486313,30.59231758,38.25516486,33.34959698,21.45454788,32.83157873,44.31275976,59.55122852,65.44731903,71.22899437,34.48424864,72.15391731,48.19980314,71.88822842,48.19943418,78.03089046
Cristian,0.99549,34,56,63.19427204,33.82124376,30.16971874,38.4237628,57.38509798,34.983284,68.98696804,33.97899628,36.01993632,37.68434858,24.307477,40.37883711,52.49170661,26.35687494,73.63061142,25.47675705,37.52175951,28.98498058,18.05684567,33.79934978,47.66936953,48.12951422,63.9204011,71.15999794,39.22547865,74.67674446,50.29218614,67.27247429,51.28388929,77.55030155
Cristian,0.99598,153,115,66.03858519,34.62031746,32.76465511,37.28175759,60.07129097,35.90284252,71.63798046,34.88957548,39.00138617,37.42860389,26.33433867,38.87046576,57.69875979,27.71773338,76.02394867,26.82077122,41.00344491,28.85456657,20.27173519,32.45950842,52.77840972,52.97831583,64.62943411,73.74339867,40.31782579,75.72892284,52.68066859,71.37866735,52.92055464,79.58727551
Cristian,0.99621,129,33,64.58182812,33.55927277,28.23810339,34.44457197,57.75438881,34.71312332,71.42286015,34.1270957,34.49876833,35.04340267,21.21072292,35.25474787,53.93572068,26.27257061,76.85683823,25.13777161,36.87913871,27.05058861,14.87092495,27.23062277,44.87405348,54.97282648,62.62560368,70.46052504,31.83101606,70.84720516,46.60445702,68.5856266,46.8629154,76.34692955
Cristian,0.9968,136,76,64.5816865,34.85979939,30.11618042,35.77822208,58.39131117,35.63913918,70.4252758,35.76135063,35.6281271,35.9921608,24.35141087,36.70972323,54.55369306,24.94722891,76.31166744,25.93541908,37.14295149,25.89634609,19.06406021,27.14395666,44.19734037,48.49554491,60.71690369,74.19736576,34.00536489,74.4523201,46.02550882,67.87588406,46.45595294,79.26292706
Cristian,0.99725,55,49,67.18950748,34.2910738,30.63161659,35.81194353,60.62867975,35.48926735,73.13875294,34.53889704,36.61271024,36.1751225,24.46129131,36.73073316,57.86290669,28.19386339,78.68866825,26.92612553,37.71632695,29.41023445,18.61877632,29.52664518,47.54442792,55.93963552,64.6803875,72.96555233,35.51603794,74.25063229,49.47215599,71.37876749,49.64915138,80.53144455
Cristian,0.99727,76,16,65.49963284,34.82046032,30.83575058,38.42964292,59.11631012,35.84707546,71.63731098,35.18836927,36.70636797,37.93715501,24.66149569,40.06412745,53.35505962,27.05457115,76.25216103,25.76750851,38.22976756,29.2364831,18.69790649,32.12239838,46.23041779,50.17253423,64.22014904,74.01694965,38.18537021,76.48513126,49.21959239,69.79482794,50.06149024,80.12875271
Cristian,0.99727,89,23,64.91674948,36.98745418,31.91061974,38.69566011,59.3749702,38.1191268,70.14303875,37.21167684,37.48155284,39.11006427,25.64571619,39.78304052,57.30611658,30.62094927,75.71582794,29.49908924,40.61252618,31.14633465,18.72089481,33.14799356,52.28072691,59.98704171,64.03799486,76.74758148,36.29520464,78.58642387,51.20830572,75.89825821,51.29384351,83.33867741
Cristian,0.99738,31,31,64.79419327,34.65554094,29.25932121,36.38348866,58.90828943,35.62086153,70.66047335,34.81340361,35.17644024,36.51937079,22.76533699,37.30692959,55.01030016,26.42729044,75.20883751,25.00847054,38.54763722,26.98691797,16.21799183,28.46191978,49.53147,54.4846437,65.66657782,72.08039761,31.94965696,73.63950634,49.06205741,70.43983984,49.13653833,79.96123409
Cristian,0.99742,106,46,65.12264156,37.05145097,32.88771343,38.85544252,58.64660954,38.21854734,71.71738529,37.27727151,38.95201349,39.20486069,26.28164864,39.90793061,55.27704477,31.11171341,77.0169611,29.99338531,40.08916211,32.27926683,20.3638773,33.07651949,47.97265655,55.91794682,64.972229,71.337955,36.05636287,72.70612049,49.6710366,70.55792141,50.0430252,76.8525753
Cristian,0.99758,71,43,64.20063114,37.08506584,29.08640528,39.22910786,57.68877268,38.08262944,70.64850426,37.37128115,35.21157932,39.33923721,22.50914383,40.40276241,54.03851867,28.45349693,75.7595787,27.72823763,37.0385263,30.05168581,16.13862133,32.33160353,46.17802566,55.77626181,62.06146288,74.57223129,35.35561466,75.85596657,47.62476012,70.70686913,48.12573419,80.63220692
Cristian,0.99791,53,14,67.63102198,35.93192339,32.42439222,35.28589869,61.38338614,36.24169493,73.07366467,36.91167927,38.10090923,35.72691965,26.45674038,36.08171511,58.17024851,27.78555679,78.46823215,29.17752028,40.77866936,27.69885063,21.86674118,28.04470968,47.26912911,49.93920279,61.80413532,72.97096252,34.98626661,72.0076189,47.68911012,68.16704464,47.40059079,77.25748444
Cristian,0.99791,77,58,62.96074247,35.77354717,29.20178604,38.15887713,56.6067524,37.07818437,69.36435413,36.01414704,35.4453764,38.42143822,22.67375851,39.41086936,52.73183584,29.95004654,74.92281818,29.29002142,37.83504796,31.49616194,15.76268578,33.79651594,46.92367557,55.65753007,63.1080308,72.30531693,35.7346487,74.42618179,49.0071094,70.17124701,49.54298151,78.22675896
Cristian,0.99855,46,76,65.58118057,36.2478869,30.58267879,36.94212914,60.09246397,36.9502759,70.47294331,36.60431957,36.140311,37.16692543,25.31166029,37.91325903,59.53855848,29.66765499,75.56735229,28.20233488,37.9779675,29.98135901,19.66145325,30.41858339,49.78286076,51.82504284,61.44663334,74.45767021,35.69711781,75.42617226,48.88874057,68.59438705,49.00538707,82.16585827
Cristian,0.99864,37,31,64.83219194,35.63147736,30.32281065,38.08600545,58.90993595,36.63276601,70.46055508,35.92007589,36.00213933,37.95781446,24.55138779,39.3908987,54.65763974,28.68327141,76.47958088,27.0447979,37.38695383,30.30998039,17.56010056,31.53006077,47.33019121,52.83741152,63.31455374,75.65575504,38.71981573,77.72006893,49.84444392,71.80425596,50.45820254,82.11831379
Cristian,0.99869,73,46,65.41559744,36.83276653,30.78232241,37.72012568,59.27296686,37.4845376,71.4546504,37.68283153,36.73716688,37.87006903,24.6332159,38.86221743,55.97324753,29.17536736,76.63960648,29.68287992,38.80882931,29.59696484,18.75505829,31.59993267,48.15694761,52.3674134,62.46634769,75.77402401,35.52407169,76.43895149,48.66124432,70.82568455,48.83114111,81.74942207
Cristian,0.99889,39,58,64.47981262,34.95463228,31.20948601,35.65415955,59.58841681,35.64986515,69.66433811,35.51581192,37.04500794,36.02050638,25.83990669,36.70560265,57.8808403,27.53526306,75.23191166,27.78360271,40.26087999,27.75959444,19.52336025,29.68819571,52.38634372,50.44189954,62.33077669,72.66000938,38.02135706,73.39928055,51.23968756,68.01448345,51.20130873,79.26396561
Cristian,0.99907,46,46,64.63998699,38.17335105,28.90731525,35.32461119,58.50915527,38.36586428,71.02939224,39.2827878,34.88133287,36.41088867,22.61267567,35.27804804,56.38704443,29.25517702,77.21810818,30.78941917,37.44912243,27.62837791,17.49308395,25.83235931,45.30517977,58.17631388,58.4127717,77.75673008,31.70581341,75.64638519,44.90063846,73.36281967,44.60106361,83.17562199
Cristian,0.99916,14,1,67.69679117,35.73079634,32.15011597,34.81452227,62.15359497,36.27605581,71.3426013,36.03252769,36.17050195,35.4355731,26.62242937,35.18907595,58.77193308,30.33154106,77.26518345,27.74468279,40.64096189,29.97385883,19.98159885,27.58444691,49.0167675,58.76527548,58.38413286,77.9780817,36.97199464,77.33917236,47.63997564,72.37672234,47.16638768,86.48650074
Cristian,0.9992,31,16,66.36816931,35.67775154,32.82882214,38.47761083,60.58058739,36.89882112,71.78732014,35.76670504,38.33957291,38.52358246,26.85924482,39.71577501,57.15030169,30.15489721,76.48441029,28.96594477,39.68449903,31.59291887,21.08544731,34.17173481,49.81978244,59.69030285,65.62497568,78.96496868,39.68341899,81.26932526,52.10462737,78.92988396,52.2424407,84.76456833
Cristian,0.99922,58,20,66.0212245,36.18948627,30.11493301,36.39056754,60.36330986,36.77589369,71.33652735,36.71325231,35.75446129,36.81231165,24.07668972,37.20662355,57.1357491,30.90783405,76.8032856,28.79127216,39.20716667,30.5444541,18.26969433,29.99258995,49.70558524,54.06929111,60.97143316,75.16810799,37.011024,75.61175537,49.02590409,70.33756971,49.02355438,83.70754051
Cristian,0.99935,61,16,64.77284431,35.18844509,32.45525694,35.48623896,59.00881219,35.59992027,69.55433607,35.97989416,36.93517399,35.61879158,27.06728268,36.38607216,54.34702778,25.5457406,75.36008835,26.18317509,39.08631921,26.057024,21.64169025,26.60876942,44.81365335,47.63621163,58.55618405,73.83427048,35.88988209,73.43167019,45.99590528,65.72941303,45.82891685,79.74134159
Cristian,0.99938,53,66,66.75255489,39.56092572,33.89319134,36.98080087,61.67788982,39.5463624,72.3366766,40.82390213,39.09168291,37.82278919,28.56916952,37.42509556,60.46522522,29.71807194,78.43443775,32.63519096,42.83807516,28.69620609,23.09601116,28.73235083,49.25586382,56.44863153,61.27771282,75.16573048,34.61430788,72.89154053,47.96255348,68.80150795,47.55633746,80.28159714
Cristian,0.99958,96,115,64.36536884,35.0886097,30.94159698,37.22534323,58.44400048,36.04774475,69.86142826,35.52219772,36.48535752,37.24861479,25.06220913,38.46494079,55.08935666,28.15738678,75.00415421,27.1461854,38.18314433,29.36818743,19.22961617,31.20379114,47.5029873,52.68324709,61.43594742,74.67398643,37.28862762,76.17830086,48.59719925,70.05200672,48.94421616,81.27208328
Cristian,0.99962,53,40,65.94167519,37.89247227,32.62377262,37.22869134,59.50045037,38.37092972,72.20995331,39.18795919,39.03849649,37.97280121,25.80251026,38.27681851,58.08133364,30.10515118,77.64203739,32.48923302,41.63708639,30.02971172,21.01722336,31.80957413,49.53390688,53.37235379,62.66673946,76.13082504,33.95118856,75.47165108,48.46719803,72.07291889,48.36580847,78.91872597
Jesse,0.99263,27,1,65.97315359,38.06997013,32.51827955,38.14174747,60.04831409,38.9542737,72.37970924,38.50662375,38.27450752,38.99085331,25.87595415,38.66746473,57.54622936,30.29000616,76.26394558,30.02735424,39.63435888,30.8257885,21.95483208,31.15581894,47.42187586,61.62661743,64.12558651,74.96349335,35.09629154,74.65338135,48.79889417,76.01418114,48.66259897,80.74708843
Jesse,0.99516,45,12,64.17136288,38.07233906,33.12670612,38.73045945,58.72791409,38.72641325,69.39051104,38.45103979,38.24521852,38.94454837,27.62905025,39.56828356,55.26477027,32.73868275,74.65968418,31.24412441,41.00657701,33.03778696,21.43368244,33.0251956,49.37857711,55.69695139,62.05978203,73.24134064,37.33025765,73.91520309,49.62197113,70.87496853,49.73956418,78.22897625
Jesse,0.99589,76,46,65.41280937,38.70466948,30.84051561,37.52473855,59.02516651,39.69212079,72.78224659,39.35479331,37.8662374,39.03597236,23.46474266,37.77182722,59.13685441,31.36077976,78.86049271,30.50305653,40.58019662,30.89324427,17.80871201,29.24659824,49.37403864,59.96043634,63.11124372,72.9019661,30.06036186,71.88310575,47.25856479,73.73412323,46.97514385,78.91309547
Jesse,0.99666,1,33,68.2074666,37.33099222,32.84993076,36.76449037,61.85970926,38.27241111,74.86683369,38.10627151,39.24632406,37.75120711,26.24718475,37.41172457,60.21844625,29.36255693,80.84652901,30.44634533,40.49413919,29.6516819,20.22877121,29.90287113,49.38318327,58.5556426,66.21469545,75.30961704,35.88365936,74.60201168,50.50103027,73.87124634,50.40831202,80.8993063
Jesse,0.99696,73,19,65.68969631,37.26072478,31.94080496,38.95578146,59.50903058,38.43007779,72.24715233,37.51794505,38.16226959,39.52123904,25.13052893,39.94277859,56.3018589,30.8538065,78.31618881,29.55365896,40.17411089,31.90034151,18.50879002,32.60763073,49.70856661,58.2210331,65.2412281,72.32041454,35.71770716,73.70500946,50.35350895,71.76070547,50.56828719,78.80662537
Jesse,0.99699,163,1,65.3067627,36.93306828,31.62941551,37.2608242,59.47481346,37.65549231,71.40325356,37.35522366,37.36235261,37.84945679,25.62779617,37.899966,56.86551046,29.68816423,77.13321877,29.08619499,39.92837334,30.16505528,19.88749695,29.94878483,47.51841031,55.51114798,63.19642782,70.87548637,34.75436497,71.03343058,48.68236586,68.3847084,48.73295286,77.77088356
Jesse,0.99701,67,23,65.58049679,38.25831842,29.96381378,38.9558816,58.52638435,39.31760859,73.0632391,38.74224329,36.78814316,39.65582657,22.54277515,39.69208002,55.34484601,30.81227589,78.52198505,29.20058155,38.9358573,31.42213011,17.07252216,30.93213558,46.47226703,59.74035072,64.19960833,74.83859539,31.49124813,75.17248535,47.23205307,74.29991913,47.39346358,80.78344917
Jesse,0.99748,91,61,64.89412737,36.34133863,32.51022434,38.37241459,58.8306613,37.62409973,71.04455566,36.3061738,38.4395299,38.92593384,25.75066423,39.44761419,55.64738846,31.41541958,76.45338821,29.59712648,39.85779548,32.87303638,19.29345703,34.04080153,49.47508943,58.63338304,65.91876411,71.13948727,37.00826883,72.94336224,51.08475745,71.35768604,51.41799152,78.90915298
Jesse,0.99766,100,34,64.47938061,34.39803314,30.38043165,35.32755089,58.16360164,35.41448164,70.68207979,34.83550787,36.53855896,35.81103086,23.60455799,36.32582259,56.30987763,26.98781776,75.82187462,27.50220394,38.13310361,27.3433013,18.30681324,29.92160511,47.86114448,53.81448483,63.59004879,68.47772598,32.47650576,69.4772172,48.22282096,66.71422291,48.32916664,76.1536274
Jesse,0.99778,64,28,63.42188072,35.04426384,30.25172138,37.2139163,56.72139502,36.10603237,70.0739994,35.53185225,36.61522079,37.34029341,23.72006893,38.5762732,52.6874249,27.93755722,75.3036747,27.49838448,38.44396806,29.40607166,17.72955036,31.86346006,45.47947079,50.97170877,62.10983706,70.31355858,35.41474628,71.69668579,47.58298422,67.36967754,48.07953949,74.14595318
Jesse,0.99862,50,22,63.64153004,34.15631676,30.42890882,33.92844486,57.76184464,34.71479988,69.36019421,35.15225172,35.97602463,34.39256859,24.52236128,34.7167511,53.6373167,26.34873533,75.91072655,28.07294798,39.49056816,26.36949348,18.52561855,27.99461317,45.61670351,47.74326181,59.08989644,71.15642309,34.33715773,70.62631416,46.03476906,65.58765221,46.08604378,75.93530273
Jesse,0.9988,92,53,66.90127945,35.65693617,30.12123728,35.28097487,59.36324501,36.41738749,73.97707558,36.49048948,37.03679252,36.17294025,22.50263786,35.84079266,55.83982444,27.56492758,79.31602764,27.27636766,39.54850388,27.43049383,17.13380528,26.66951036,46.92969149,55.27072048,63.55851316,76.26264668,31.70996475,75.8384428,47.13820374,72.58007813,47.14491865,82.65033245
Jesse,0.99881,55,46,65.78124332,35.69824934,32.31797791,37.10855627,60.15633345,36.34314036,71.67062473,36.14245105,37.9284296,37.15565085,26.52650356,38.12679362,56.91070533,27.25665665,77.42760372,27.84915876,41.01210165,28.54678059,20.81872559,30.58053875,48.0730906,52.04618597,63.66807461,71.10660982,35.72601986,71.68017769,48.86350787,66.766119,49.08054793,77.77297211
Jesse,0.99892,79,40,64.31357288,35.96480227,29.46409893,36.26177788,57.90059853,36.81555462,70.58134174,36.57886863,35.73014259,37.0026269,22.74270344,37.05128002,54.63817263,28.79439354,76.10255814,28.51661682,38.49980593,28.8348155,17.00642681,29.43605518,46.98845091,53.91042531,62.00439405,72.09880543,32.70808983,72.19094181,47.06936485,69.51998234,47.12765837,77.11509132
Jesse,0.99893,153,39,64.94433546,34.89579964,32.31597376,37.26442909,59.41797209,35.81298065,70.4742794,35.1339283,38.01108027,37.16649127,26.43023729,38.55097318,54.8890686,28.49615192,75.34241295,27.10818815,40.43380594,29.33422136,19.94895458,31.72749567,50.88609427,51.32883525,63.19869232,72.91385078,39.56064749,74.79985428,51.15674615,69.2976408,51.50918126,79.70944977
Jesse,0.99906,45,12,64.0391078,38.01222324,32.8804121,39.74220872,58.52124524,38.88829637,70.1145916,38.30894279,38.41724968,39.77655458,27.07548523,40.85176635,54.91444588,31.77532911,73.94805336,29.62457371,40.12484336,32.88334751,21.96621895,33.27738047,48.7029819,54.60218096,64.37801027,72.53417873,37.67902565,73.89965343,50.34044623,70.22027493,50.86700374,76.93406582
Jesse,0.99909,53,1,63.56336546,36.52177048,30.142416,38.75608277,57.69868469,37.2573359,69.5036788,37.09250879,35.82544327,38.49173212,24.74546671,40.17505932,52.80028403,29.96747446,74.17642307,29.16884995,37.46562481,31.52050209,19.87251663,33.13455105,44.23608971,49.40684867,62.13388395,73.20255089,36.14231443,74.61726093,47.25717862,67.77295017,47.89183879,78.96334362
Jesse,0.99914,34,12,63.79435301,38.386724,33.6949296,39.87605953,57.84877825,39.33342934,70.23334551,38.93111229,39.44014692,40.1689024,27.72715902,40.97496343,55.20013332,31.29368591,74.59269047,30.39557934,40.25029349,32.59311104,23.60858631,32.84367371,46.37708348,55.10049391,62.45817804,74.25580788,37.61961937,75.2758913,48.79075009,72.4529171,49.16018701,77.61079502
Jesse,0.99917,61,16,66.15958643,39.1261282,32.17250061,38.69838166,58.69717884,40.3449347,73.08867645,39.91732979,39.02898502,39.9844594,24.38088942,39.41740322,57.06526995,31.04276133,77.7470026,30.80118227,40.63425779,31.09349298,19.05192947,30.92713165,48.81921726,61.72689629,65.47973013,79.96245003,30.76430225,79.28315163,47.92047905,79.24139214,47.72850797,85.5785923
Jesse,0.99925,105,53,65.3628974,35.61779881,32.59845114,35.80348063,59.66832733,36.17313266,70.93624735,36.10851717,38.23046494,36.20355678,26.69102383,36.56508493,57.47037435,28.95031643,76.92911911,29.13028765,40.77512813,29.36812878,21.0083828,29.83313513,49.19839445,52.46491599,62.32760382,70.12676382,36.2689147,70.40715551,49.09080711,67.02519321,49.19420654,75.18232441
Jesse,0.99927,155,45,64.73845482,34.59360695,29.82140064,34.73998117,57.85476208,35.69369888,71.53983307,35.25262213,36.57275534,35.74546623,22.48343182,35.35034609,55.08984375,27.25589848,78.21013069,27.45950317,38.97042847,27.27988815,15.60465431,28.06961489,47.45924494,56.24380016,62.21821117,71.42770815,32.45807076,71.75542116,47.54204558,70.30021191,47.53629367,77.44648361
Jesse,0.99928,115,1,67.42285967,33.9444766,29.5568161,35.56016779,60.72199202,34.91858912,74.21813679,34.78426981,36.50670719,35.81219101,22.57054996,36.89704084,57.70318937,23.71871853,81.28444004,26.62769508,38.42818666,24.36983299,14.716856,29.18175745,50.18602628,50.27653384,67.32401562,72.14683914,34.19295931,73.41269588,50.52218449,68.87942934,50.84346306,79.73782253
Jesse,0.99929,161,1,67.53800011,35.06420517,29.76296711,35.87777138,61.03645134,36.23097682,74.30492306,35.51662302,37.12260246,36.6638031,22.28052521,36.79119301,59.00489688,27.91527557,80.4307394,26.62094879,41.4448514,27.6158967,14.80040073,28.99344921,53.88361859,59.37967587,64.48671913,77.16412067,35.43053627,78.05392742,51.50203192,75.9594183,51.33215332,82.99659348
Jesse,0.99936,39,1,65.22769547,37.13432837,30.37271118,36.30947256,59.09451771,37.84187865,70.94627094,37.97513366,36.24026728,37.27006674,24.2398138,36.72984838,56.4635253,29.58924723,76.15546417,29.16162443,39.01781988,29.22128677,19.90310669,27.74130535,46.85921314,54.44619727,60.03779125,77.06076622,32.21872616,75.91290092,46.07590091,74.33019447,45.78228897,78.56744385
Jesse,0.99937,76,76,65.30903292,38.8219521,33.78748512,37.79513454,58.58951283,40.09280205,72.26871872,39.52891445,40.4732244,39.4310081,26.23753166,38.25649738,57.98262692,33.55043077,77.57591343,32.3718853,42.61456311,33.39488125,21.00261211,31.09801054,50.00518101,61.98917055,64.18276978,75.849123,32.89418077,74.84886074,48.96851367,77.03662491,48.59039855,79.85731888
Jesse,0.99943,46,28,64.59832621,36.32392073,31.60626841,34.64103127,58.84136653,36.80094266,70.39226818,37.50912094,37.16202521,35.61070919,25.74026871,35.25597382,56.34093404,28.48348331,76.60732555,30.17095327,41.26168013,27.73154497,20.72393417,27.24258471,46.7861689,50.73458076,59.10946512,70.50227594,33.00743151,68.92743731,45.96073079,65.46790266,45.52672488,74.29677486
Jesse,0.99944,91,61,63.69566774,37.53021812,31.11999321,37.79985309,57.34357667,38.54118919,69.85665035,38.02813339,36.78977609,38.71686459,24.72383165,38.39362049,55.03592849,30.80310202,75.65391254,30.10278225,37.83132863,31.5411644,18.8780508,30.95486784,44.74062967,56.33055139,61.46484661,72.09575844,32.74555922,72.29141808,46.15251088,70.77896404,46.34018523,75.92774105
Jesse,0.99947,82,55,65.52889538,37.0321641,31.64718819,36.66338611,59.2467649,38.1467607,71.77479315,37.77843905,37.9760921,37.87747049,24.77855873,37.33397126,59.21113729,30.23335934,77.58024502,30.13060141,40.57721114,30.09805012,19.00141525,29.90402842,50.00863373,58.36638594,63.18907642,74.77885151,31.67469263,74.36730194,48.08121322,73.12631321,47.95031497,78.77081394
Jesse,0.99952,66,27,66.47217035,35.85900307,31.06139231,35.22139549,60.44582319,36.50206161,72.39928436,36.72961307,37.18007398,36.04585791,24.76498604,35.95004082,58.0840745,27.33515596,78.47388268,28.35672426,40.32759404,27.14730406,18.45823288,28.37111378,48.87996876,53.00467587,62.40355825,71.59278917,34.62594366,70.83628607,48.43847094,66.80793571,48.3644169,78.31871223
Jesse,0.99957,161,65,66.92933321,36.35198164,29.45276642,35.93959379,59.97249699,37.36263514,74.30246258,37.12497139,36.83014584,37.07983875,21.84768391,36.52018118,57.92063928,28.2612505,81.06942558,28.28885078,40.31202435,27.63688946,14.93221664,28.11639547,50.02819437,57.42670155,65.84196424,74.48057842,29.41357327,74.35241032,48.39050026,72.97828102,48.13580159,84.17426491
Jesse,0.9996,49,25,66.56769991,36.24910784,31.73138952,35.65559864,60.55866194,36.86897564,72.88344669,37.06755424,37.92322326,36.32717514,25.43266869,36.38479543,58.65146327,28.30375242,78.92359543,29.29712963,41.22398043,28.13113117,19.85258675,28.4931879,49.13389564,54.9320333,62.39019728,72.92356396,34.98517656,72.39774513,48.80010438,69.66921902,48.69242965,78.17372131
Jesse,0.99972,43,31,65.25779057,38.0405395,30.56452847,37.53002286,59.11518216,38.72191429,70.9517169,38.67219543,36.13903499,38.34262133,24.22047901,38.06087637,56.43831897,31.64358616,76.80622387,30.8323245,38.59866858,31.20440483,18.07253838,30.65276957,47.38568459,59.13377953,62.56188869,74.73122692,31.0107851,74.34106064,46.52919531,72.15700722,46.39666396,82.98865128
Jesse,0.99976,93,93,65.18240404,37.70589709,29.84353638,38.17178679,58.25513506,39.36932516,72.78227806,38.07588744,37.23753119,39.55745387,21.9755888,38.74787807,56.7148912,32.90656185,78.30159187,30.8960166,40.29767275,32.99530792,15.78405476,32.19069242,50.65388024,64.29000807,67.33077335,77.02666569,28.92782164,77.41512966,49.0961498,80.0946064,48.84201345,85.29368591
Jesse,0.99977,106,16,64.43191338,35.09371519,30.92495728,39.17084527,58.08883166,36.66716695,70.84036303,34.95421314,37.30478382,39.04517412,24.16622543,40.7660079,54.70506334,29.33710814,75.2917614,26.73064613,38.85984635,31.66188812,17.67372894,34.44404697,50.06039715,55.53525639,65.5001049,72.78614044,38.8917861,76.00991249,52.0041064,71.88226175,52.63811266,78.98388863
Jesse,0.99992,66,40,65.14796591,37.60710526,33.14618826,38.55990314,59.28225517,38.52369404,71.24677134,37.92551208,39.38383341,39.23897123,26.72881937,39.30597353,57.92125511,31.04383707,76.29876995,30.90582132,41.04138279,31.5726428,21.16280079,32.79275894,51.29997146,57.81138468,65.89366007,74.55883026,35.5082159,75.56411076,51.21304715,73.46926117,51.27430701,81.95748138
Marcus,0.98487,55,43,67.45842648,34.14915419,30.15354824,34.69326782,60.56508493,35.20157433,74.12357712,34.97362804,36.8875072,35.36904001,23.06161594,35.73433399,58.01637411,24.78674412,80.22446537,24.49176693,39.30965137,25.07653141,16.92061615,25.88806772,48.78860942,52.99866199,62.36884117,75.66559124,35.13806677,75.88252831,48.72175844,70.97175407,48.68952768,81.11405182
Marcus,0.98501,145,91,65.38772964,36.44863272,32.7473774,36.94600368,59.68792677,37.28130341,70.99168253,36.78557968,38.53226566,37.54666829,26.64116049,37.6108489,57.05156922,30.82451963,75.90524197,29.35025597,41.6503737,31.13930368,21.20135307,30.96004629,50.30886662,56.23460126,61.73209476,76.28677368,37.76758718,76.56927395,49.85401636,73.63652802,49.80751204,81.40808201
Marcus,0.98683,57,29,67.02833748,37.81779957,31.0412035,37.6598475,60.57383108,38.71519446,74.09692955,38.42135882,37.69889688,38.59595633,24.17143106,38.1845305,56.28486156,30.08349609,79.28914833,30.10510397,40.36114097,30.38422966,18.52929497,29.93553829,48.60432422,59.9365468,66.38989592,77.19070816,35.48200321,76.97549629,50.35564578,75.10865021,50.51943594,82.78499794
Marcus,0.98718,71,61,63.486866,34.56921101,29.1145792,37.32612419,56.94174957,35.74047232,69.62195778,34.89530754,35.17305422,37.38675213,22.36302567,38.75289345,52.46570814,28.23909616,75.24256611,27.45199871,37.26027203,29.63122702,15.82829189,32.59241581,47.07896394,53.43392873,62.34805441,72.49062538,35.44910574,74.78818417,48.28580734,70.70740843,48.81162947,78.24448872
Marcus,0.99014,41,81,66.12092829,38.71812773,31.34418154,39.83185601,59.50093889,39.58499193,72.95111561,39.22638273,37.53653455,40.26458359,24.63471794,40.79422045,56.28467846,28.95397425,77.69796467,28.88447142,38.44928956,29.96386099,18.92508888,31.18044949,46.32123095,58.40476298,64.589324,78.69711113,34.51631212,79.34449196,48.43085007,74.72055531,48.61870864,86.11774635
Marcus,0.99051,136,28,67.61772966,35.59535551,31.53307915,35.74344206,61.4700408,36.60370445,73.39946938,36.00876331,38.19255424,36.53961539,24.67509699,36.59422016,59.76357222,28.69765234,79.35616779,26.95901012,42.56729758,28.02188873,17.43421555,28.40000439,55.18204808,55.13033938,64.57881403,75.00494385,36.85659885,75.50347996,52.30752933,72.6364603,52.07386279,80.12523079
Marcus,0.99132,129,1,65.39299679,33.1644516,30.46704483,37.17999172,58.67873168,34.69962788,71.80539608,33.25962925,36.68769765,36.95165992,23.86744308,38.81104517,52.60263741,26.09430885,75.61477661,23.97045994,37.9925952,28.05266047,17.15667057,31.51224947,48.14391833,54.1040504,65.87097931,73.60011005,37.47033906,76.38278389,50.52147084,71.66256809,51.18552911,80.00184059
Marcus,0.99174,37,25,63.83901358,33.03458405,30.98500156,39.44973993,57.01097345,35.39999771,71.12648678,32.37717676,37.72929883,39.27452874,23.51019573,41.470891,52.54414201,28.41893578,74.92411995,24.25738192,37.64573264,32.31135178,17.11920261,35.80744457,49.07736665,56.68033934,68.0014801,69.08135319,40.22741103,74.40161991,53.46496689,71.73749971,54.27675462,76.0787859
Marcus,0.99319,46,19,69.61240053,35.96384811,32.18734932,33.45814419,64.05275202,36.34678316,74.65857983,36.81881046,37.64137244,34.78694916,26.14995003,33.60052872,62.82090855,29.82309437,80.29730988,28.69889832,42.56184912,28.69610882,20.20526218,26.17093563,52.04790437,59.18553329,61.5352335,77.40829754,34.76945543,74.69240856,49.09077734,73.62753868,48.16181849,83.91215515
Marcus,0.9932,67,12,66.12193823,37.38578939,33.97645855,36.33466101,60.53126907,37.833606,71.62102318,37.91396141,39.56995368,37.24101162,27.76548386,36.66532874,58.95698118,31.89809847,75.2971859,30.31126785,42.4246788,31.19627094,23.82299423,30.08399391,51.49022198,58.07541847,61.90008688,74.43797493,37.02872658,73.31541824,50.00892091,72.41051102,49.68007958,79.30335045
Marcus,0.99355,76,46,63.68774414,37.51750946,33.39012051,36.8067441,58.01539421,38.33781409,69.24193668,37.88425326,38.9046092,37.76376772,27.36338282,37.07488489,55.81890965,33.42374754,74.32466412,31.36449051,42.34535336,32.98861027,22.19060898,30.8625226,49.36135948,57.79568124,59.34349823,73.80010128,36.53875494,73.64905643,48.46629962,72.32927227,48.29153194,77.53901768
Marcus,0.99406,136,1,65.33084822,33.49430895,31.56332588,37.64818025,59.1472578,34.64542723,71.09795809,33.74260426,37.44027758,37.06248164,25.25216675,39.56753397,54.8847785,25.32457638,75.60832787,24.39838886,39.29397368,27.86324501,19.10494709,32.55651283,49.15263087,49.13874865,64.2330966,71.93427944,39.16301322,74.28788567,50.406241,67.53747368,51.06213498,78.41496277
Marcus,0.99484,23,1,66.76868248,38.95694304,31.93148232,39.68162584,60.46774721,39.78413057,73.10216045,39.75034761,37.55560327,39.98551583,25.78791332,40.77705288,56.6357131,29.33697367,77.97023106,29.64206028,38.20727205,29.76122904,20.53840828,31.5638237,46.35333091,57.41438842,62.62338638,81.38859558,36.39517164,81.69054222,48.33833619,75.5929184,48.38070609,89.47071362
Marcus,0.99485,23,1,65.84485102,40.5135169,31.43935204,40.96045303,59.57888246,40.81085801,72.37693119,41.44729257,37.11508656,41.01220465,25.10328913,41.94801593,56.71109462,28.80289364,77.96008301,30.78383875,38.15823412,28.94236994,19.77929878,31.51474714,44.68631923,57.63377738,61.34559917,81.59399128,33.49315023,81.52123833,46.00858819,76.58914375,46.16649717,88.97905254
Marcus,0.99523,61,49,64.99403715,37.58080959,27.35721731,37.80552936,57.85451889,38.96569347,71.93427658,38.36729121,34.20726013,38.95497894,19.95310879,38.72273254,55.09377337,30.63459635,77.57681465,30.94897985,36.11624622,30.91772461,13.85918427,31.54472637,46.33068269,60.42981148,62.7406354,80.28279591,31.22173262,80.59464169,46.83238399,78.47622871,47.00562626,84.99871445
Marcus,0.99583,73,55,64.30666924,33.60752964,33.35310459,35.80065823,58.3943224,34.64629984,68.69833803,33.71344042,38.05850315,35.73489189,27.56449842,36.92862582,55.01560378,26.53963423,72.96034527,23.79040432,39.39730167,27.61106443,22.04119205,28.06348085,48.09118338,51.56341124,58.44293904,73.6269865,40.1994338,75.12245178,48.55695592,71.06701899,48.77372941,77.9546814
Marcus,0.99614,45,1,65.37366486,37.81853771,34.24788809,38.68520308,58.09142661,39.08594942,72.31206894,38.35124445,40.47321939,39.63897157,26.76033211,39.38984728,56.33315563,30.61940575,76.86631393,29.68406582,39.55742025,31.32844448,22.3455162,30.97118425,46.539554,58.06586552,62.66796112,76.70188236,35.56178856,77.12225246,47.93951664,77.35760593,48.14952205,77.91642094
Marcus,0.99624,28,28,66.69861174,37.23223758,29.17665482,36.99367261,60.08174086,37.83749056,73.90052605,38.36868739,35.79092646,37.57133746,22.22105598,37.9701519,57.81250405,25.79025936,79.53652096,28.01762724,38.82828498,25.8874898,17.05700397,28.05563164,46.552432,55.06011772,62.75249004,78.08226871,31.22207451,77.22322083,46.38647747,71.48277998,46.2915017,85.69709301
Marcus,0.99635,28,28,64.06801701,36.10067153,33.13363409,35.78811407,57.63472939,37.41001296,70.07611513,36.87120366,39.0156126,37.10535479,26.61768436,36.40845466,56.47865653,30.46698189,74.8759861,30.21055412,39.71920896,30.10179377,22.84651852,29.69865561,45.85673743,56.55125928,59.0151844,74.91587448,33.22601795,74.61183929,45.81860322,74.65442848,45.56260139,76.56950855
Marcus,0.99636,67,45,62.42956352,34.2703228,27.7019062,36.98005486,55.19800329,35.95187759,69.83568907,34.46892214,34.74236584,37.40145421,20.03207016,38.22108078,50.89401698,27.09906721,75.35360241,26.55338001,36.64536953,28.29777431,12.81134319,31.25946522,46.24479389,57.9402523,61.7844944,74.14090061,35.68676949,76.72313976,48.75763428,72.74304485,49.21812612,80.01137352
Marcus,0.99663,134,39,63.76910591,32.89276028,29.73335123,38.96144128,56.64601278,35.19800234,71.25106001,32.4133215,36.55401063,38.84975195,22.34304142,40.84106684,51.31913459,26.71804619,75.31422615,23.07370377,36.61974406,30.43639898,15.29751778,33.84715605,47.00050297,57.71713901,66.86060286,70.6835947,38.15537739,75.21395302,51.55019081,72.33183861,52.31117105,77.50624466
Marcus,0.99675,73,28,64.97243929,33.43409157,32.95785856,36.03601456,58.67703009,34.48618126,69.83479643,33.52577448,38.00560141,35.93930483,26.92452908,37.21565008,55.5314126,26.60265541,73.5439167,23.88885212,38.97011805,28.15283346,21.85711098,28.96204376,47.32001603,52.34294021,59.48360825,74.46090031,39.17859721,75.97273064,48.31985041,72.04780483,48.53469367,78.79870605
Marcus,0.99691,82,55,66.16599226,36.1011343,27.93271351,33.79501247,59.3990922,36.36880946,72.26964283,37.12806988,34.12618017,34.76356316,21.02448177,34.069911,56.41913939,27.57229614,77.26682281,27.09619761,37.02465177,26.23760033,16.80494213,24.29706287,44.88166237,52.98857117,60.9717865,74.87687874,29.17165375,73.0423851,44.57812071,69.64833069,44.08955026,82.87447643
Marcus,0.99713,96,58,67.50160217,34.30544186,30.22659874,34.69187307,60.52624083,35.05707693,74.42610455,35.57903194,37.26279116,35.10987139,22.94239426,36.06690001,57.95595217,22.48370361,79.53092766,24.94443798,39.94124937,22.66795349,17.56284428,26.64094305,48.88123789,49.527174,62.87260723,74.41229153,34.353374,74.27562332,48.35081658,67.71628475,48.32781516,80.51538277
Marcus,0.99714,23,1,66.17763948,39.61903167,32.23867035,39.67697883,59.88284111,40.17269683,72.33820724,40.51263857,37.65767956,40.01741552,25.97801256,40.63823318,56.63415027,28.75411892,77.08424664,30.08591509,38.2954967,28.58475351,20.99892712,30.66012383,45.44212729,57.31589341,60.8606472,81.75533867,35.08752394,81.5916853,46.80384037,76.03946114,46.75123751,89.05712128
Marcus,0.99772,111,23,67.96215105,38.55860281,33.01898718,36.9459765,62.65613794,38.92435026,73.71880817,38.99024034,38.88507128,37.85044456,26.70616436,37.055902,60.63258648,31.7910676,78.70277309,29.95737076,44.08810365,31.0275135,21.44068336,28.52871323,53.35762489,61.26630163,63.17388868,76.75580692,36.85347176,75.1041441,50.93373191,75.01043987,50.47743326,80.71146584
Marcus,0.99824,36,15,63.88439655,36.40425396,32.76360083,38.50333214,57.74590302,37.51391244,69.53284121,36.74299121,38.17034483,38.61472678,26.91227818,39.69478798,54.32964277,30.23201609,74.05081558,28.61492014,38.40640855,31.49179745,21.76262856,32.27253914,46.59173691,52.67973483,62.02938509,73.01112843,38.01289272,74.55058193,48.84802678,70.5856204,49.22078964,77.47540855
Marcus,0.99824,55,37,65.85572004,34.80555868,30.58602333,35.98790932,59.1946907,35.99684858,72.55369377,35.21123028,37.26104593,36.6962657,23.57233429,36.9401443,56.23651028,28.17683601,78.21691704,27.99090099,39.1112287,28.49611044,17.27593231,29.94938993,49.3718344,55.65856433,65.39578199,71.38609457,33.69936848,72.91542435,49.89119446,71.08392334,49.96466088,78.38029861
Marcus,0.99826,43,15,64.30841303,36.19255972,30.28927517,37.3603642,58.28215957,37.13641334,70.07015133,36.55850816,36.16872311,37.78280711,24.23383713,38.35794997,55.2271049,30.28045034,75.52544403,29.07483959,38.74214244,30.88725758,18.06650162,31.8071537,47.87965762,53.69569588,61.92565441,71.71915054,35.07250929,72.79665756,48.30693139,68.14374304,48.5884425,80.07794094
Marcus,0.9984,136,91,64.96583033,34.30309296,28.7338829,34.35511351,57.46752977,35.37887907,72.71978474,35.03079271,36.1724875,35.19705534,20.86684513,34.91192722,54.36015916,23.63980579,78.76887989,24.3156023,38.13611269,23.19747162,14.57745552,24.23752499,46.77045625,56.40819383,61.60479355,76.20240498,32.38160276,76.25336838,47.07726449,72.3729372,47.15582451,81.58902454
Group,1,112,178,66.05355835,34.26215458,30.12352896,35.01004601,59.0980618,35.30694866,73.14854908,35.1925807,37.31095147,35.61256313,22.72410965,36.21452808,55.9346652,25.78292084,78.01727486,26.24588585,39.89144969,25.88872719,17.34997559,28.44332886,48.25551711,51.99042678,63.2900176,72.47113037,33.79548597,72.8707695,48.33828148,68.96698666,48.45657375,77.86181831
Group,2,55,103,65.01675653,37.62935901,32.71389055,34.73565245,58.75906992,37.91444778,70.99932003,39.08940482,38.59786034,36.15801358,25.89657068,35.03691673,56.33754158,30.884408,76.42566204,34.13562727,42.34366965,29.74166107,22.00540924,29.03454065,46.19032395,52.96274436,57.5128119,74.70777512,31.79567671,72.53815269,44.7548157,71.68828583,44.31259561,77.47274208
Group,3,43,1,66.07259417,38.24680924,33.66632938,36.60497832,60.28048468,38.53626752,72.11608887,39.47560501,39.97242165,37.60775042,27.60215092,37.27330828,59.4347105,30.86411905,76.48468208,33.04596806,42.37629855,30.12587357,24.0264101,30.49891806,49.73557931,52.21301937,62.18083906,73.94695759,34.30936718,72.01874542,48.31613443,70.35710478,47.91176711,75.83755302
Group,4,82,232,66.80987263,35.32375574,30.34276199,34.48701382,60.60155439,35.73147297,72.95161915,36.57965684,36.81645012,35.06426382,23.51872444,35.49583912,58.55623341,24.31695843,78.1792717,26.42263699,40.95729303,23.60057259,17.78078556,25.56749439,50.9295212,51.0233953,63.27900267,73.86723232,33.86595726,72.88077164,49.23119608,68.87982416,48.82280472,79.10613441